<?xml version="1.0" encoding="utf-8" ?>
<ProviderUpdate xmlns="urn:Microsoft.Search.Registration.Response">
<Status>SUCCESS</Status>
<Providers>
<Provider>
    <Message>This is a research service for publisher information</Message>
    <Id>{DEA2797E-DEDC-4a7d-AEB5-DD8DF82F753F}</Id>
    <Name>Publishers</Name>
    <QueryPath/>
    <RegistrationPath/>
    <AboutPath/>
    <Type>SOAP</Type>
    <Services>
        <Service>
            <Id>{3C927E62-566D-4193-AF40-B0CA3E4F3E00}</Id>
            <Name>Publisher Lookup</Name>
            <Description>Returns address information for a publisher</Description>
            <Copyright></Copyright>
            <Display>On</Display>
            <Category>BUSINESS_BUSINESS</Category>
        </Service>
    </Services>
</Provider>
</Providers>
</ProviderUpdate>

